{"cameraMode":{"drawMode":0,"name":"Shaded","section":"Shading Mode"},"sceneLighting":true,"audioPlay":false,"sceneViewState":{"m_AlwaysRefresh":true,"showFog":true,"showSkybox":true,"showFlares":true,"showImageEffects":true,"showParticleSystems":true,"showVisualEffectGraphs":true,"m_FxEnabled":true},"in2DMode":false,"pivot":{"x":-4.403023719787598,"y":0.43969011306762698,"z":-6.224611282348633},"rotation":{"x":-0.05584298446774483,"y":0.9104489684104919,"z":-0.13091225922107697,"w":-0.3883698880672455},"size":15.346075057983399,"orthographic":false}